{"cameraMode":{"drawMode":0,"name":"Shaded","section":"Shading Mode"},"sceneLighting":false,"audioPlay":false,"sceneViewState":{"showFog":true,"showMaterialUpdate":false,"showSkybox":false,"showFlares":true,"showImageEffects":true,"showParticleSystems":true},"in2DMode":false,"pivot":{"x":0.5894931554794312,"y":0.1793549805879593,"z":0.8928282260894775},"rotation":{"x":-0.06206030026078224,"y":0.9135333299636841,"z":-0.15240685641765595,"w":-0.3719920814037323},"size":4.631589412689209,"orthographic":false}